joint,rms_rad,mean_abs_rad,max_abs_rad,samples
FL_hip,0.013498,0.010163,0.050254,8321
FL_knee,0.014787,0.011889,0.035353,8321
FR_hip,0.015280,0.012486,0.048967,8321
FR_knee,0.017131,0.013704,0.035769,8321
BR_hip,0.012564,0.011090,0.038773,8321
BR_knee,0.027481,0.018551,0.076686,8321
BL_hip,0.012462,0.011067,0.041256,8321
BL_knee,0.028185,0.018475,0.081200,8321
GLOBAL,0.018677,N/A,0.081200,8321
