joint,rms_rad,mean_abs_rad,max_abs_rad,samples
FL_hip,0.009473,0.006886,0.042143,41937
FL_knee,0.019216,0.014805,0.071076,41937
FR_hip,0.010187,0.007328,0.041881,41937
FR_knee,0.019446,0.015078,0.070321,41937
BR_hip,0.009358,0.007638,0.022410,41937
BR_knee,0.024236,0.017220,0.087939,41937
BL_hip,0.008761,0.007080,0.036112,41937
BL_knee,0.022728,0.016013,0.111614,41937
GLOBAL,0.016618,N/A,0.111614,41937
