joint,rms_rad,mean_abs_rad,max_abs_rad,samples
FL_hip,0.010215,0.008494,0.028837,20274
FL_knee,0.008517,0.006483,0.024856,20274
FR_hip,0.010338,0.008615,0.026810,20274
FR_knee,0.008500,0.006680,0.024788,20274
BR_hip,0.024945,0.019629,0.082394,20274
BR_knee,0.048727,0.031702,0.112906,20274
BL_hip,0.024345,0.019405,0.091226,20274
BL_knee,0.048555,0.031721,0.113589,20274
GLOBAL,0.028069,N/A,0.113589,20274
