joint,rms_rad,mean_abs_rad,max_abs_rad,samples
FL_hip,0.010317,0.007682,0.047426,8541
FL_knee,0.026691,0.019069,0.068116,8541
FR_hip,0.010165,0.007525,0.033374,8541
FR_knee,0.024633,0.017667,0.069592,8541
BR_hip,0.008392,0.006909,0.022704,8541
BR_knee,0.030047,0.020660,0.099358,8541
BL_hip,0.008540,0.006914,0.029885,8541
BL_knee,0.034306,0.023197,0.119004,8541
GLOBAL,0.021656,N/A,0.119004,8541
