joint,rms_rad,mean_abs_rad,max_abs_rad,samples
FL_hip,0.009541,0.007049,0.041065,19525
FL_knee,0.021913,0.016303,0.062557,19525
FR_hip,0.009826,0.007134,0.035339,19525
FR_knee,0.021414,0.015966,0.062756,19525
BR_hip,0.008239,0.006767,0.021715,19525
BR_knee,0.026345,0.018371,0.093090,19525
BL_hip,0.008125,0.006689,0.028247,19525
BL_knee,0.027895,0.019243,0.111239,19525
GLOBAL,0.018481,N/A,0.111239,19525
