joint,rms_rad,mean_abs_rad,max_abs_rad,samples
FL_hip,0.009839,0.007304,0.044012,17131
FL_knee,0.022955,0.016841,0.067020,17131
FR_hip,0.010038,0.007324,0.036143,17131
FR_knee,0.021981,0.016261,0.067713,17131
BR_hip,0.008695,0.007112,0.034044,17131
BR_knee,0.026561,0.018666,0.090507,17131
BL_hip,0.008590,0.007029,0.028221,17131
BL_knee,0.028743,0.019694,0.112854,17131
GLOBAL,0.019002,N/A,0.112854,17131
