joint,rms_rad,mean_abs_rad,max_abs_rad,samples
FL_hip,0.013121,0.010594,0.050641,30544
FL_knee,0.013910,0.011124,0.033881,30544
FR_hip,0.013274,0.010684,0.051679,30544
FR_knee,0.014170,0.011323,0.035303,30544
BR_hip,0.015031,0.013333,0.032367,30544
BR_knee,0.018134,0.012436,0.057001,30544
BL_hip,0.015207,0.013511,0.031716,30544
BL_knee,0.018350,0.012557,0.053167,30544
GLOBAL,0.015270,N/A,0.057001,30544
